Start date,Start time,End date,End time,Start location,Start coordinates,End location,End coordinates,Duration (HH:MM),Distance(km),Efficiency(L/100km),Average speed(km/h),PHEV Fuel efficiency(L/100km),EV Distance(km)
"23/03/2023","08:11","23/03/2023","08:29","Riverend Rd 65,3175 Melbourne,Australia","-38.05029972222222,145.1490088888889","Pebble Ave 21,3975 Melbourne,Australia","-38.0772,145.25534","00:18","13.7","4.4","48.0","4.4","8.7"
"23/03/2023","07:43","23/03/2023","08:06","Pebble Ave 19,3975 Melbourne,Australia","-38.07710194444444,145.25531194444446","Riverend Rd 65,3175 Melbourne,Australia","-38.050265555555555,145.1490088888889","00:23","16.5","0.5","44.0","0.5","15.3"
"21/03/2023","16:02","21/03/2023","16:13","Maraline Rd 30,3977 Melbourne,Australia","-38.119007777777774,145.22693222222222","Pebble Ave 21,3975 Melbourne,Australia","-38.077197777777776,145.2553625","00:11","7.2","9.4","41.0","9.4","1.4"
"21/03/2023","15:31","21/03/2023","15:56","Riverend Rd 65,3175 Melbourne,Australia","-38.0502225,145.14839111111112","Maraline Rd 30,3977 Melbourne,Australia","-38.11897166666667,145.22674416666666","00:25","17.2","2.3","44.0","2.3","12.4"
"21/03/2023","14:48","21/03/2023","15:07","Pebble Ave 19,3975 Melbourne,Australia","-38.07718083333334,145.2554213888889","Riverend Rd 65,3175 Melbourne,Australia","-38.05025138888889,145.14838722222223","00:19","14.3","3.0","48.0","3.0","9.7"
"21/03/2023","10:12","21/03/2023","10:27","Riverend Rd 65,3175 Melbourne,Australia","-38.05025972222222,145.14884694444444","Pebble Ave 19,3975 Melbourne,Australia","-38.07718166666667,145.25535694444446","00:15","13.8","4.4","58.0","4.4","8.3"
"21/03/2023","09:48","21/03/2023","10:08","Lonsdale St 177,3175 Melbourne,Australia","-37.98970027777778,145.21433888888888","Riverend Rd 65,3175 Melbourne,Australia","-38.05025472222222,145.1488425","00:20","12.9","2.9","40.0","2.9","9.9"
"21/03/2023","08:40","21/03/2023","09:03","Pebble Ave 21,3975 Melbourne,Australia","-38.07721111111111,145.25532027777777","Lonsdale St 175,3175 Melbourne,Australia","-37.989735833333334,145.2143336111111","00:23","11.6","3.6","33.0","3.6","8.6"
"19/03/2023","16:58","19/03/2023","17:52","Janefield Dr 11,3083 Melbourne,Australia","-37.68273166666667,145.07125583333334","Pebble Ave 21,3975 Melbourne,Australia","-38.07719111111111,145.25535083333332","00:54","59.3","8.1","70.0","8.1","8.8"
"19/03/2023","16:35","19/03/2023","16:45","Janefield Dr 11,3083 Melbourne,Australia","-37.68271527777778,145.07128305555557","Janefield Dr 11,3083 Melbourne,Australia","-37.68270861111111,145.07125472222222","00:10","4.4","13.5","32.0","13.5","1.3"
"19/03/2023","14:53","19/03/2023","15:46","Elimatta Rd 48,3163 Melbourne,Australia","-37.902030277777776,145.0572527777778","Janefield Dr 11,3083 Melbourne,Australia","-37.682695555555554,145.07126833333334","00:53","54.4","7.1","64.0","7.1","8.5"
"19/03/2023","14:10","19/03/2023","14:14","Leila Rd 118,3163 Melbourne,Australia","-37.9021325,145.05834222222222","Elimatta Rd 48,3163 Melbourne,Australia","-37.9020175,145.05725333333334","00:04","1.8","5.3","30.0","5.3","1.0"
"19/03/2023","10:09","19/03/2023","10:46","Pebble Ave 19,3975 Melbourne,Australia","-38.07713888888889,145.2552286111111","Leila Rd 118,3163 Melbourne,Australia","-37.902143055555555,145.05836027777778","00:37","32.8","2.2","56.0","2.2","26.6"
"17/03/2023","15:26","17/03/2023","15:52","Riverend Rd 65,3175 Melbourne,Australia","-38.050225833333336,145.14839694444444","Pebble Ave 19,3975 Melbourne,Australia","-38.07718777777778,145.2553802777778","00:26","13.7","2.6","35.0","2.6","10.7"
"17/03/2023","14:49","17/03/2023","15:09","Pebble Ave 19,3975 Melbourne,Australia","-38.07715916666667,145.25537916666667","Riverend Rd 65,3175 Melbourne,Australia","-38.0502275,145.1483988888889","00:20","14.7","1.9","46.0","1.9","12.3"
"17/03/2023","08:14","17/03/2023","08:31","Riverend Rd 65,3175 Melbourne,Australia","-38.0502825,145.14905555555555","Pebble Ave 21,3975 Melbourne,Australia","-38.07721166666666,145.2553425","00:17","13.7","2.9","50.0","2.9","9.7"
"17/03/2023","07:52","17/03/2023","08:11","Pebble Ave 19,3975 Melbourne,Australia","-38.07717,145.25540722222223","Riverend Rd 65,3175 Melbourne,Australia","-38.05028388888889,145.149055","00:19","16.5","2.1","54.0","2.1","13.0"
"16/03/2023","15:27","16/03/2023","15:50","Riverend Rd 65,3175 Melbourne,Australia","-38.05023833333333,145.14846055555554","Pebble Ave 19,3975 Melbourne,Australia","-38.07718361111111,145.25537416666666","00:23","13.7","0.9","39.0","0.9","12.4"
"16/03/2023","14:49","16/03/2023","15:17","Pebble Ave 21,3975 Melbourne,Australia","-38.07724805555556,145.25535666666667","Riverend Rd 65,3175 Melbourne,Australia","-38.0502375,145.14846527777777","00:28","14.3","2.9","34.0","2.9","10.2"
"16/03/2023","08:17","16/03/2023","08:35","Riverend Rd 65,3175 Melbourne,Australia","-38.05024944444445,145.14883527777778","Pebble Ave 21,3975 Melbourne,Australia","-38.07721111111111,145.25535805555555","00:18","13.8","3.2","48.0","3.2","10.9"
"16/03/2023","07:47","16/03/2023","08:13","Pebble Ave 20,3975 Melbourne,Australia","-38.07720666666667,145.255525","Riverend Rd 65,3175 Melbourne,Australia","-38.05025333333333,145.14883444444445","00:26","16.5","2.1","41.0","2.1","14.1"
"13/03/2023","14:09","13/03/2023","14:44","Graydens Rd 175,3915 Tuerong,Australia","-38.27862694444445,145.10405527777777","Pebble Ave 21,3975 Melbourne,Australia","-38.077217222222224,145.25539388888888","00:35","35.1","5.8","63.0","5.8","15.1"
"13/03/2023","13:02","13/03/2023","13:26","Hall Rd 570,3977 Melbourne,Australia","-38.10877194444444,145.2337075","Graydens Rd 175,3915 Tuerong,Australia","-38.27865,145.10405083333333","00:24","28.1","4.1","73.0","4.1","16.9"
"13/03/2023","12:50","13/03/2023","12:58","Pebble Ave 19,3975 Melbourne,Australia","-38.077132222222225,145.25541277777776","Hall Rd 570,3977 Melbourne,Australia","-38.10881611111111,145.2337613888889","00:08","5.2","2.7","37.0","2.7","3.5"
"12/03/2023","12:58","12/03/2023","14:03","Olsen Walk 10,3082 Melbourne,Australia","-37.65277444444445,145.07740722222223","Pebble Ave 21,3975 Melbourne,Australia","-38.07720861111111,145.25542833333333","01:05","63.9","8.5","62.0","8.5","12.3"
"12/03/2023","11:03","12/03/2023","11:48","Masons Falls Rd,3757 Kinglake West,Australia","-37.49317638888889,145.25080583333335","Gorman Dr 16,3082 Melbourne,Australia","-37.65264527777778,145.07751083333332","00:45","40.1","7.6","56.0","7.6","13.9"
"12/03/2023","09:20","12/03/2023","10:01","Gorman Dr 17,3082 Melbourne,Australia","-37.65269444444444,145.0775277777778","Masons Falls Rd,3757 Kinglake West,Australia","-37.493317777777776,145.25078861111112","00:41","40.2","11.4","63.0","11.4","5.1"
"11/03/2023","16:46","11/03/2023","17:53","Pebble Ave 21,3975 Melbourne,Australia","-38.0772025,145.25544444444444","Gorman Dr 16,3082 Melbourne,Australia","-37.65266916666667,145.07750583333333","01:07","63.7","3.7","61.0","3.7","40.9"
"10/03/2023","15:30","10/03/2023","15:51","Riverend Rd 65,3175 Melbourne,Australia","-38.0502325,145.14841083333334","Pebble Ave 19,3975 Melbourne,Australia","-38.077173333333334,145.25537527777777","00:21","13.8","2.0","43.0","2.0","11.5"
"10/03/2023","14:56","10/03/2023","15:20","Pebble Ave 19,3975 Melbourne,Australia","-38.07707861111111,145.25555472222223","Riverend Rd 65,3175 Melbourne,Australia","-38.05020805555556,145.1484086111111","00:24","14.3","3.5","39.0","3.5","9.1"
"10/03/2023","08:12","10/03/2023","08:30","Riverend Rd 65,3175 Melbourne,Australia","-38.050266388888886,145.1491075","Pebble Ave 21,3975 Melbourne,Australia","-38.07720861111111,145.25536","00:18","13.7","4.4","49.0","4.4","8.3"
"10/03/2023","07:43","10/03/2023","08:09","Pebble Ave 20,3975 Melbourne,Australia","-38.07723361111111,145.25553027777778","Riverend Rd 65,3175 Melbourne,Australia","-38.050268055555556,145.14910777777777","00:26","16.5","3.0","42.0","3.0","11.0"
"09/03/2023","15:30","09/03/2023","15:53","Riverend Rd 65,3175 Melbourne,Australia","-38.05027388888889,145.14869972222223","Pebble Ave 21,3975 Melbourne,Australia","-38.07720555555556,145.2553738888889","00:23","13.8","2.3","39.0","2.3","10.5"
"09/03/2023","14:48","09/03/2023","15:09","Pebble Ave 19,3975 Melbourne,Australia","-38.07714333333333,145.25535277777777","Riverend Rd 65,3175 Melbourne,Australia","-38.050268611111115,145.14870555555555","00:21","14.4","4.2","44.0","4.2","7.5"
"09/03/2023","08:19","09/03/2023","08:36","Riverend Rd 65,3175 Melbourne,Australia","-38.050287222222224,145.14908722222222","Pebble Ave 21,3975 Melbourne,Australia","-38.07722472222222,145.25543638888888","00:17","13.7","3.9","53.0","3.9","9.1"
"09/03/2023","07:53","09/03/2023","08:17","Pebble Ave 19,3975 Melbourne,Australia","-38.077194166666665,145.2553875","Riverend Rd 65,3175 Melbourne,Australia","-38.05027722222222,145.1490938888889","00:24","16.5","2.6","44.0","2.6","12.0"
"07/03/2023","18:37","07/03/2023","18:48","Wedge Rd 50,3201 Melbourne,Australia","-38.08648916666667,145.18763805555557","Pebble Ave 21,3975 Melbourne,Australia","-38.0771875,145.25534888888888","00:11","7.9","4.7","47.0","4.7","4.7"
"07/03/2023","17:20","07/03/2023","17:33","Pebble Ave 19,3975 Melbourne,Australia","-38.07716138888889,145.25541416666667","Wedge Rd 50,3201 Melbourne,Australia","-38.086483888888885,145.18762","00:13","7.6","2.0","39.0","2.0","5.5"
"07/03/2023","15:29","07/03/2023","15:53","Riverend Rd 65,3175 Melbourne,Australia","-38.05026222222222,145.14840055555555","Pebble Ave 19,3975 Melbourne,Australia","-38.077175,145.25539555555557","00:24","13.8","2.1","37.0","2.1","11.6"
"07/03/2023","14:48","07/03/2023","15:10","Pebble Ave 20,3975 Melbourne,Australia","-38.07712194444444,145.25570638888888","Riverend Rd 65,3175 Melbourne,Australia","-38.05021138888889,145.1483986111111","00:22","14.3","2.6","43.0","2.6","9.5"
"07/03/2023","08:10","07/03/2023","08:26","Riverend Rd 65,3175 Melbourne,Australia","-38.05027861111111,145.14906277777777","Pebble Ave 21,3975 Melbourne,Australia","-38.077197777777776,145.25536194444445","00:16","13.7","3.8","54.0","3.8","8.1"
"07/03/2023","07:42","07/03/2023","08:07","Pebble Ave 20,3975 Melbourne,Australia","-38.07720194444445,145.25553","Riverend Rd 65,3175 Melbourne,Australia","-38.05027694444444,145.149065","00:25","16.5","1.2","44.0","1.2","14.4"
"05/03/2023","14:50","05/03/2023","15:51","Marine Pde 153-155,3925 San Remo,Australia","-38.52122055555556,145.3665572222222","Pebble Ave 21,3975 Melbourne,Australia","-38.07720277777778,145.25537","01:01","77.9","8.5","82.0","8.5","4.5"
"05/03/2023","14:17","05/03/2023","14:42","Ventnor Rd 1320,3922 Summerlands,Australia","-38.51683805555555,145.11797583333333","Marine Pde 151,3925 San Remo,Australia","-38.5212325,145.366565","00:25","24.0","7.7","59.0","7.7","4.2"
"05/03/2023","13:43","05/03/2023","13:58","Pyramid Rock Rd,3922 Ventnor,Australia","-38.52587805555556,145.2217636111111","Ventnor Rd 1320,3922 Summerlands,Australia","-38.51683055555556,145.11797611111112","00:15","13.1","9.1","58.0","9.1","2.7"
"05/03/2023","13:10","05/03/2023","13:25","Vista Pl 15,3925 Cape Woolamai,Australia","-38.52153555555556,145.33496166666666","Pyramid Rock Rd,3922 Ventnor,Australia","-38.525890555555556,145.221765","00:15","14.0","9.7","51.0","9.7","1.9"
"05/03/2023","12:24","05/03/2023","12:27","Broadbeach Rd 1,3925 Cape Woolamai,Australia","-38.53768138888889,145.33410055555555","Vista Pl 15,3925 Cape Woolamai,Australia","-38.52154,145.33491305555555","00:03","1.9","10.9","34.0","10.9","0.4"
"05/03/2023","11:32","05/03/2023","11:37","Phillip Island Rd 895,3925 Newhaven,Australia","-38.51498472222222,145.34863777777778","Broadbeach Rd 1,3925 Cape Woolamai,Australia","-38.53766666666667,145.33410916666668","00:05","3.7","10.4","42.0","10.4","0.5"
"05/03/2023","10:21","05/03/2023","11:23","Pebble Ave 19,3975 Melbourne,Australia","-38.07716861111111,145.2553738888889","Phillip Island Rd 895,3925 Newhaven,Australia","-38.51500138888889,145.34865305555556","01:02","79.6","4.7","81.0","4.7","33.7"
"04/03/2023","16:41","04/03/2023","16:44","Spray Cirt 13,3975 Melbourne,Australia","-38.068020555555556,145.2504863888889","Pebble Ave 19,3975 Melbourne,Australia","-38.07718194444445,145.25538972222222","00:03","1.3","0.0","21.0","0.0","1.3"
"04/03/2023","15:34","04/03/2023","16:28","Pebble Ave 21,3975 Melbourne,Australia","-38.07718527777778,145.25552055555556","Spray Cirt 13,3975 Melbourne,Australia","-38.068015833333334,145.2504847222222","00:54","48.9","3.4","56.0","3.4","32.7"
"03/03/2023","17:31","03/03/2023","17:58","Pebble Ave 21,3975 Melbourne,Australia","-38.07718833333333,145.25535555555555","Pebble Ave 19,3975 Melbourne,Australia","-38.0771675,145.25539","00:27","15.5","4.8","38.0","4.8","8.9"
"03/03/2023","15:30","03/03/2023","15:57","Riverend Rd 65,3175 Melbourne,Australia","-38.05024916666667,145.14888444444443","Pebble Ave 21,3975 Melbourne,Australia","-38.07720277777778,145.2553538888889","00:27","13.8","1.6","34.0","1.6","11.8"
"03/03/2023","14:44","03/03/2023","15:06","Pebble Ave 19,3975 Melbourne,Australia","-38.07716722222222,145.25539194444445","Riverend Rd 65,3175 Melbourne,Australia","-38.05025694444444,145.14886972222223","00:22","14.4","4.1","41.0","4.1","9.1"
"03/03/2023","08:43","03/03/2023","08:55","Boundary Ln 2,3201 Melbourne,Australia","-38.08300111111111,145.17788416666667","Pebble Ave 21,3975 Melbourne,Australia","-38.07720055555556,145.25535083333332","00:12","8.4","5.3","42.0","5.3","5.0"
"03/03/2023","08:16","03/03/2023","08:32","Riverend Rd 65,3175 Melbourne,Australia","-38.05025388888889,145.1488013888889","Boundary Ln 2,3201 Melbourne,Australia","-38.08299777777778,145.17786388888888","00:16","10.7","4.5","45.0","4.5","5.7"
"03/03/2023","07:53","03/03/2023","08:16","Pebble Ave 20,3975 Melbourne,Australia","-38.07708083333333,145.255635","Riverend Rd 65,3175 Melbourne,Australia","-38.05025388888889,145.1488013888889","00:23","16.4","1.9","47.0","1.9","14.1"
"02/03/2023","15:28","02/03/2023","15:50","Riverend Rd 65,3175 Melbourne,Australia","-38.0502275,145.14841277777776","Pebble Ave 21,3975 Melbourne,Australia","-38.07720583333333,145.2553475","00:22","13.8","3.4","42.0","3.4","10.3"
"02/03/2023","14:53","02/03/2023","15:14","Pebble Ave 21,3975 Melbourne,Australia","-38.07719361111111,145.25548361111112","Riverend Rd 65,3175 Melbourne,Australia","-38.05022,145.14838833333334","00:21","14.3","2.6","45.0","2.6","10.8"
"24/02/2023","19:57","24/02/2023","20:18","Chifley Dr 10,3194 Melbourne,Australia","-37.9773075,145.1080736111111","Pebble Ave 19,3975 Melbourne,Australia","-38.07717972222222,145.2553538888889","00:21","22.1","10.4","65.0","10.4","1.8"
"24/02/2023","19:32","24/02/2023","19:50","Fairchild St 14,3202 Melbourne,Australia","-37.943869166666666,145.08228083333333","Chifley Dr 10,3194 Melbourne,Australia","-37.97731638888889,145.10806861111112","00:18","8.0","10.1","29.0","10.1","1.5"
"24/02/2023","16:44","24/02/2023","17:15","Pebble Ave 19,3975 Melbourne,Australia","-38.077177222222225,145.2553775","Fairchild St 14,3202 Melbourne,Australia","-37.94388527777778,145.08226527777776","00:31","28.1","5.8","58.0","5.8","10.2"
"24/02/2023","15:28","24/02/2023","15:50","Riverend Rd 65,3175 Melbourne,Australia","-38.05023416666667,145.1485727777778","Pebble Ave 19,3975 Melbourne,Australia","-38.07718416666667,145.25535083333332","00:22","13.8","2.0","41.0","2.0","10.9"
"24/02/2023","14:49","24/02/2023","15:08","Pebble Ave 20,3975 Melbourne,Australia","-38.07718694444444,145.2555763888889","Riverend Rd 65,3175 Melbourne,Australia","-38.0502375,145.14856972222222","00:19","14.3","2.5","48.0","2.5","10.7"
"23/02/2023","15:29","23/02/2023","15:51","Riverend Rd 65,3175 Melbourne,Australia","-38.05024138888889,145.14866916666668","Pebble Ave 21,3975 Melbourne,Australia","-38.07722944444444,145.25540222222222","00:22","13.7","2.2","41.0","2.2","11.1"
"23/02/2023","14:46","23/02/2023","15:07","Pebble Ave 19,3975 Melbourne,Australia","-38.07715527777778,145.25536861111112","Riverend Rd 65,3175 Melbourne,Australia","-38.050244722222224,145.14867944444444","00:21","14.3","4.4","45.0","4.4","8.7"
"23/02/2023","08:18","23/02/2023","08:34","Riverend Rd 65,3175 Melbourne,Australia","-38.050267777777776,145.1490513888889","Pebble Ave 21,3975 Melbourne,Australia","-38.07718916666666,145.2553513888889","00:16","13.6","2.9","55.0","2.9","9.6"
"23/02/2023","07:52","23/02/2023","08:16","Pebble Ave 21,3975 Melbourne,Australia","-38.07722444444445,145.25541333333334","Riverend Rd 65,3175 Melbourne,Australia","-38.05025916666666,145.14905611111112","00:24","16.5","0.6","42.0","0.6","15.3"
"21/02/2023","18:40","21/02/2023","18:52","Wedge Rd 45,3201 Melbourne,Australia","-38.0861825,145.18798222222222","Pebble Ave 19,3975 Melbourne,Australia","-38.07718416666667,145.25535277777777","00:12","8.1","3.3","28.0","3.3","6.1"
"21/02/2023","17:16","21/02/2023","17:37","Pebble Ave 19,3975 Melbourne,Australia","-38.077175555555556,145.2553927777778","Wedge Rd 45,3201 Melbourne,Australia","-38.08621472222222,145.18799361111112","00:21","7.6","3.7","24.0","3.7","5.6"
"21/02/2023","11:58","21/02/2023","12:07","Pebble Ave 19,3975 Melbourne,Australia","-38.077085833333335,145.2554636111111","Pebble Ave 19,3975 Melbourne,Australia","-38.0771925,145.25536861111112","00:09","1.7","0.0","13.0","0.0","1.7"
"19/02/2023","17:38","19/02/2023","17:43","Remount Way 34,3977 Melbourne,Australia","-38.079237222222226,145.2460675","Pebble Ave 19,3975 Melbourne,Australia","-38.077172222222224,145.25538527777778","00:05","2.0","0.0","26.0","0.0","2.0"
"19/02/2023","17:17","19/02/2023","17:21","Pebble Ave 21,3975 Melbourne,Australia","-38.07720694444444,145.25536222222223","Remount Way 34,3977 Melbourne,Australia","-38.079233055555555,145.2460436111111","00:04","1.9","10.3","29.0","10.3","0.4"
"18/02/2023","16:54","18/02/2023","17:27","Pebble Ave 21,3975 Melbourne,Australia","-38.07718277777778,145.25546833333334","Pebble Ave 19,3975 Melbourne,Australia","-38.07718222222222,145.2554152777778","00:33","29.4","3.5","58.0","3.5","18.8"
"17/02/2023","17:52","17/02/2023","18:01","High St 151,3977 Melbourne,Australia","-38.10798666666667,145.28252361111112","Pebble Ave 19,3975 Melbourne,Australia","-38.07718,145.2553625","00:09","5.6","3.9","33.0","3.9","3.2"
"17/02/2023","16:48","17/02/2023","17:04","Pebble Ave 21,3975 Melbourne,Australia","-38.07736583333333,145.25540777777778","High St 151,3977 Melbourne,Australia","-38.10799277777778,145.28253166666667","00:16","5.6","2.6","23.0","2.6","4.5"
"17/02/2023","08:17","17/02/2023","08:34","Riverend Rd 65,3175 Melbourne,Australia","-38.05025055555556,145.14873138888888","Pebble Ave 19,3975 Melbourne,Australia","-38.07718666666667,145.25539138888888","00:17","13.7","4.0","52.0","4.0","9.0"
"17/02/2023","07:54","17/02/2023","08:14","Pebble Ave 19,3975 Melbourne,Australia","-38.077169166666664,145.25536166666666","Riverend Rd 65,3175 Melbourne,Australia","-38.05023972222222,145.14873138888888","00:20","16.4","1.1","53.0","1.1","14.3"
"16/02/2023","20:05","16/02/2023","20:09","Brookwater Pde 19,3975 Melbourne,Australia","-38.077737222222225,145.24916416666667","Pebble Ave 21,3975 Melbourne,Australia","-38.07719916666667,145.25535","00:04","1.0","1.0","18.0","1.0","0.9"
"16/02/2023","19:36","16/02/2023","19:55","Pebble Ave 19,3975 Melbourne,Australia","-38.077175555555556,145.25540138888888","Brookwater Pde 19,3975 Melbourne,Australia","-38.077715,145.24916944444445","00:19","15.2","3.8","51.0","3.8","10.6"
"14/02/2023","15:54","14/02/2023","15:57","Brookwater Pde 19,3975 Melbourne,Australia","-38.07774583333333,145.24923416666667","Pebble Ave 19,3975 Melbourne,Australia","-38.07717972222222,145.2553577777778","00:03","1.0","0.0","22.0","0.0","1.0"
"14/02/2023","08:16","14/02/2023","08:32","Riverend Rd 65,3175 Melbourne,Australia","-38.05027166666667,145.1489875","Pebble Ave 21,3975 Melbourne,Australia","-38.07721083333333,145.25532527777779","00:16","13.7","3.7","54.0","3.7","8.5"
"14/02/2023","07:45","14/02/2023","08:14","Pebble Ave 21,3975 Melbourne,Australia","-38.07725833333333,145.25543666666667","Riverend Rd 65,3175 Melbourne,Australia","-38.050269722222225,145.1489838888889","00:29","16.5","3.2","37.0","3.2","12.4"
"13/02/2023","19:52","13/02/2023","19:57","Remount Way 30,3977 Melbourne,Australia","-38.07949,145.24616416666666","Pebble Ave 21,3975 Melbourne,Australia","-38.07720555555556,145.2553413888889","00:05","2.0","4.8","25.0","4.8","1.2"
"13/02/2023","19:45","13/02/2023","19:49","Brookwater Pde 19,3975 Melbourne,Australia","-38.0776275,145.24911694444444","Remount Way 30,3977 Melbourne,Australia","-38.0795,145.24613527777777","00:04","1.4","0.9","22.0","0.8","1.3"
"13/02/2023","17:06","13/02/2023","17:09","Lyndhurst Blvd 105,3975 Melbourne,Australia","-38.06812,145.2489488888889","Pebble Ave 19,3975 Melbourne,Australia","-38.07717861111111,145.25536416666668","00:03","1.6","0.0","28.0","0.0","1.6"
"13/02/2023","16:32","13/02/2023","16:53","Pebble Ave 21,3975 Melbourne,Australia","-38.07724666666667,145.25542166666668","Lyndhurst Blvd 105,3975 Melbourne,Australia","-38.068130277777776,145.24895388888888","00:21","6.8","5.6","21.0","5.6","4.4"
"12/02/2023","19:45","12/02/2023","20:03","Pebble Ave 19,3975 Melbourne,Australia","-38.07715527777778,145.2553927777778","Pebble Ave 21,3975 Melbourne,Australia","-38.07719361111111,145.25535861111112","00:18","11.6","4.8","42.0","4.8","7.0"
"11/02/2023","18:11","11/02/2023","18:31","Brookwater Pde 25-27,3975 Melbourne,Australia","-38.07770166666667,145.24941777777778","Pebble Ave 19,3975 Melbourne,Australia","-38.07716555555555,145.25538722222223","00:20","18.2","3.6","57.0","3.6","12.4"
"10/02/2023","19:37","10/02/2023","19:58","Cadles Rd 1,3201 Melbourne,Australia","-38.10170055555555,145.18556388888888","Pebble Ave 19,3975 Melbourne,Australia","-38.077172222222224,145.25534277777777","00:21","17.1","1.7","54.0","1.7","14.6"
"10/02/2023","19:00","10/02/2023","19:14","Pebble Ave 19,3975 Melbourne,Australia","-38.07716083333333,145.25536555555556","Cadles Rd 1,3201 Melbourne,Australia","-38.10167694444444,145.1855625","00:14","9.3","1.1","42.0","1.1","8.4"
"10/02/2023","08:16","10/02/2023","08:33","Riverend Rd 65,3175 Melbourne,Australia","-38.05025305555556,145.14900083333333","Pebble Ave 21,3975 Melbourne,Australia","-38.077196388888886,145.25534972222223","00:17","13.6","4.0","50.0","4.0","8.5"
"10/02/2023","07:50","10/02/2023","08:12","Pebble Ave 21,3975 Melbourne,Australia","-38.07724666666667,145.25534972222223","Riverend Rd 65,3175 Melbourne,Australia","-38.05025444444444,145.1490036111111","00:22","16.5","2.5","46.0","2.5","13.5"
"09/02/2023","15:29","09/02/2023","15:48","Riverend Rd 65,3175 Melbourne,Australia","-38.05023972222222,145.14875111111112","Pebble Ave 21,3975 Melbourne,Australia","-38.0772,145.25537916666667","00:19","13.7","2.2","46.0","2.2","10.8"
"09/02/2023","14:42","09/02/2023","15:05","Pebble Ave 19,3975 Melbourne,Australia","-38.07716194444444,145.2553861111111","Riverend Rd 65,3175 Melbourne,Australia","-38.05022944444445,145.14875111111112","00:23","14.3","3.6","41.0","3.6","8.9"
"09/02/2023","08:37","09/02/2023","09:00","Riverend Rd 65,3175 Melbourne,Australia","-38.050216666666664,145.1485225","Pebble Ave 21,3975 Melbourne,Australia","-38.07718972222222,145.25534277777777","00:23","14.1","4.4","40.0","4.4","8.5"
"09/02/2023","08:02","09/02/2023","08:32","Pebble Ave 17,3975 Melbourne,Australia","-38.07702638888889,145.25556138888888","Riverend Rd 65,3175 Melbourne,Australia","-38.050224722222225,145.14851972222223","00:30","16.4","2.5","36.0","2.5","12.5"
"05/02/2023","14:55","05/02/2023","15:01","Thompsons Rd 1000,3977 Melbourne,Australia","-38.07814,145.250305","Pebble Ave 21,3975 Melbourne,Australia","-38.07720194444445,145.2553761111111","00:06","2.7","0.0","25.0","0.0","2.7"
"05/02/2023","14:16","05/02/2023","14:24","Hall Rd 570,3977 Melbourne,Australia","-38.10886111111111,145.23366","Marriott Blvd 29I,3975 Melbourne,Australia","-38.07702527777778,145.25068","00:08","5.5","5.6","45.0","5.6","2.9"
"05/02/2023","14:04","05/02/2023","14:13","Pebble Ave 21,3975 Melbourne,Australia","-38.077307222222224,145.25532027777777","Hall Rd 570,3977 Melbourne,Australia","-38.1088125,145.2337425","00:09","5.1","5.8","39.0","5.8","3.4"
"04/02/2023","21:21","04/02/2023","21:37","Westbourne St 49S,3978 Melbourne,Australia","-38.118183888888886,145.3346725","Pebble Ave 19,3975 Melbourne,Australia","-38.0771825,145.25540972222223","00:16","10.7","2.6","43.0","2.6","8.7"
"04/02/2023","20:20","04/02/2023","20:25","Westbourne St 49S,3978 Melbourne,Australia","-38.1181625,145.3346725","Westbourne St 49S,3978 Melbourne,Australia","-38.118164722222225,145.33468194444444","00:05","1.9","5.2","29.0","5.2","1.2"
"04/02/2023","17:16","04/02/2023","17:32","Thompsons Rd 1260,3977 Melbourne,Australia","-38.082053055555555,145.27767527777777","Westbourne St 32,3978 Melbourne,Australia","-38.11817,145.33471555555556","00:16","8.7","2.0","35.0","2.0","7.4"
"04/02/2023","17:02","04/02/2023","17:15","Thompsons Rd 1000,3977 Melbourne,Australia","-38.07830861111111,145.25010916666668","Thompsons Rd 1260,3977 Melbourne,Australia","-38.082053333333334,145.277675","00:13","3.2","9.5","17.0","9.5","1.3"
"03/02/2023","18:17","03/02/2023","18:27","South Gippsland Hwy 350-398,3977 Melbourne,Australia","-38.08659138888889,145.27944416666668","Brookwater Pde 19,3975 Melbourne,Australia","-38.07772861111111,145.24910083333333","00:10","3.2","0.0","21.0","0.0","3.2"
"03/02/2023","18:06","03/02/2023","18:14","Pebble Ave 19,3975 Melbourne,Australia","-38.07717666666667,145.2554025","South Gippsland Hwy 350-398,3977 Melbourne,Australia","-38.08658,145.27948333333333","00:08","3.2","3.7","25.0","3.7","2.6"
"03/02/2023","12:34","03/02/2023","12:49","Riverend Rd 65,3175 Melbourne,Australia","-38.050312777777776,145.14908861111113","Pebble Ave 21,3975 Melbourne,Australia","-38.077219722222225,145.25537333333332","00:15","13.6","7.6","60.0","7.6","2.4"
"03/02/2023","12:04","03/02/2023","12:31","Chapman Ave 1R,3198 Melbourne,Australia","-38.10406361111111,145.12683222222222","Riverend Rd 65,3175 Melbourne,Australia","-38.0502825,145.14909083333333","00:27","11.1","7.0","28.0","7.0","4.0"
"03/02/2023","11:00","03/02/2023","11:20","Pebble Ave 19,3975 Melbourne,Australia","-38.07718388888889,145.25540555555557","Chapman Ave 1R,3198 Melbourne,Australia","-38.104040833333336,145.12683027777777","00:20","16.3","4.0","53.0","4.0","9.8"
"03/02/2023","08:22","03/02/2023","08:38","Riverend Rd 65,3175 Melbourne,Australia","-38.050310833333334,145.14882472222223","Pebble Ave 21,3975 Melbourne,Australia","-38.077215833333334,145.25534916666666","00:16","13.7","4.3","53.0","4.3","8.5"
"03/02/2023","07:57","03/02/2023","08:19","Pebble Ave 21,3975 Melbourne,Australia","-38.07721,145.2554725","Riverend Rd 65,3175 Melbourne,Australia","-38.05027166666667,145.14882416666666","00:22","14.4","2.0","43.0","2.0","11.6"
"03/02/2023","07:38","03/02/2023","07:45","Thompsons Rd 1250,3977 Melbourne,Australia","-38.083619722222224,145.27840055555555","Pebble Ave 21,3975 Melbourne,Australia","-38.07721472222222,145.25541694444445","00:07","2.8","2.0","25.0","2.0","2.2"
"03/02/2023","07:24","03/02/2023","07:31","Pebble Ave 19,3975 Melbourne,Australia","-38.07709305555556,145.25525055555556","Thompsons Rd 1250,3977 Melbourne,Australia","-38.08370138888889,145.27833055555556","00:07","2.9","5.2","27.0","5.2","1.8"
"02/02/2023","15:29","02/02/2023","15:49","Riverend Rd 65,3175 Melbourne,Australia","-38.05027555555556,145.14880444444444","Pebble Ave 21,3975 Melbourne,Australia","-38.07720972222222,145.25536583333334","00:20","13.8","2.9","42.0","2.9","10.2"
"02/02/2023","14:38","02/02/2023","15:00","Pebble Ave 21,3975 Melbourne,Australia","-38.077214166666664,145.2553988888889","Riverend Rd 65,3175 Melbourne,Australia","-38.05028444444444,145.1488013888889","00:22","14.4","3.7","42.0","3.7","10.2"
"02/02/2023","12:33","02/02/2023","12:42","Pebble Ave 21,3975 Melbourne,Australia","-38.07720333333334,145.25549","Pebble Ave 21,3975 Melbourne,Australia","-38.07722944444444,145.25538472222223","00:09","3.3","4.7","26.0","4.7","2.5"
"02/02/2023","10:54","02/02/2023","11:03","Pebble Ave 19,3975 Melbourne,Australia","-38.07718694444444,145.25537694444444","Pebble Ave 21,3975 Melbourne,Australia","-38.07720833333333,145.25543694444445","00:09","3.9","1.4","29.0","1.4","3.7"
"02/02/2023","08:16","02/02/2023","08:33","Riverend Rd 65,3175 Melbourne,Australia","-38.050275,145.14896777777778","Pebble Ave 21,3975 Melbourne,Australia","-38.07720972222222,145.25536222222223","00:17","13.7","3.0","54.0","3.0","10.1"
"02/02/2023","07:54","02/02/2023","08:14","Pebble Ave 19,3975 Melbourne,Australia","-38.07717805555556,145.25534583333334","Riverend Rd 65,3175 Melbourne,Australia","-38.05027833333333,145.14896972222223","00:20","16.4","4.1","51.0","4.1","9.0"
"01/02/2023","20:12","01/02/2023","20:50","Pebble Ave 19,3975 Melbourne,Australia","-38.07714166666667,145.2552963888889","Pebble Ave 21,3975 Melbourne,Australia","-38.07720111111111,145.25535222222223","00:38","41.0","4.0","67.0","4.0","24.7"
"28/01/2023","10:19","28/01/2023","10:29","A780 1075,3910 Melbourne,Australia","-38.13030583333333,145.22840805555555","Pebble Ave 21,3975 Melbourne,Australia","-38.0771975,145.2553425","00:10","7.7","0.0","27.0","0.0","6.8"
"28/01/2023","09:56","28/01/2023","10:08","Pebble Ave 19,3975 Melbourne,Australia","-38.07719194444444,145.2553922222222","A780 1075,3910 Melbourne,Australia","-38.13030444444444,145.22842083333333","00:12","8.3","3.1","44.0","3.1","6.3"
"27/01/2023","19:21","27/01/2023","19:27","Society Ave 2,3975 Melbourne,Australia","-38.077305,145.25035472222223","Pebble Ave 21,3975 Melbourne,Australia","-38.0772025,145.25539055555555","00:06","2.4","0.0","30.0","0.0","2.4"
"27/01/2023","19:15","27/01/2023","19:19","Pebble Ave 21,3975 Melbourne,Australia","-38.07723083333333,145.25536277777778","Society Ave 2,3975 Melbourne,Australia","-38.0773025,145.25034277777777","00:04","1.0","0.0","17.0","0.0","1.0"
"26/01/2023","21:24","26/01/2023","21:41","Niblick Cirt 21,3977 Melbourne,Australia","-38.083058055555554,145.21698055555555","Pebble Ave 21,3975 Melbourne,Australia","-38.07719083333333,145.25535472222222","00:17","12.3","8.2","46.0","8.2","3.4"
"26/01/2023","16:39","26/01/2023","16:51","Pebble Ave 21,3975 Melbourne,Australia","-38.07719111111111,145.25535277777777","Niblick Cirt 21,3977 Melbourne,Australia","-38.083057777777775,145.2168925","00:12","7.3","6.2","39.0","6.2","2.8"
"26/01/2023","14:20","26/01/2023","15:25","Glen Eadie Ave 38,3777 Badger Creek,Australia","-37.681847222222224,145.52852694444445","Pebble Ave 21,3975 Melbourne,Australia","-38.07720472222222,145.25534805555554","01:05","70.0","8.4","67.0","8.4","10.2"
"26/01/2023","10:00","26/01/2023","11:20","Chapman Ave 1R,3198 Melbourne,Australia","-38.10406833333333,145.126945","Glen Eadie Ave 38,3777 Badger Creek,Australia","-37.68184083333333,145.5284761111111","01:20","83.4","6.3","65.0","6.3","31.9"
"26/01/2023","09:19","26/01/2023","09:35","Pebble Ave 19,3975 Melbourne,Australia","-38.07718361111111,145.25543888888888","Chapman Ave 1R,3198 Melbourne,Australia","-38.104104722222225,145.12706222222224","00:16","16.3","2.5","63.0","2.5","12.7"
"22/01/2023","14:18","22/01/2023","14:27","High St 221,3977 Melbourne,Australia","-38.099559444444445,145.28264083333335","Pebble Ave 19,3975 Melbourne,Australia","-38.07719083333333,145.25539194444445","00:09","4.5","2.7","33.0","2.7","3.2"
"22/01/2023","14:14","22/01/2023","14:17","High St 151,3977 Melbourne,Australia","-38.10802861111111,145.28258916666667","High St 221,3977 Melbourne,Australia","-38.09956833333333,145.2826425","00:03","1.1","4.3","27.0","4.3","0.8"
"22/01/2023","13:30","22/01/2023","13:47","Pebble Ave 21,3975 Melbourne,Australia","-38.07723638888889,145.25524555555555","High St 151,3977 Melbourne,Australia","-38.108001944444446,145.28257472222222","00:17","5.7","7.2","24.0","7.2","1.7"
"21/01/2023","20:37","21/01/2023","21:06","Nepean Hwy 583,3199 Melbourne,Australia","-38.15398361111111,145.10864055555555","Pebble Ave 21,3975 Melbourne,Australia","-38.07719111111111,145.2553388888889","00:29","21.7","1.2","48.0","1.2","19.3"
"21/01/2023","19:32","21/01/2023","20:10","Pebble Ave 21,3975 Melbourne,Australia","-38.07721472222222,145.2553536111111","Nepean Hwy 583,3199 Melbourne,Australia","-38.153974444444444,145.10863694444444","00:38","23.7","2.7","41.0","2.7","19.0"
"21/01/2023","09:01","21/01/2023","09:23","Chapman Ave 1R,3198 Melbourne,Australia","-38.10409138888889,145.12691416666667","Pebble Ave 21,3975 Melbourne,Australia","-38.077185,145.2553438888889","00:22","14.8","2.6","43.0","2.6","11.6"
"21/01/2023","08:25","21/01/2023","08:46","Pebble Ave 19,3975 Melbourne,Australia","-38.07712,145.25539916666668","Chapman Ave 1R,3198 Melbourne,Australia","-38.10409027777778,145.1269286111111","00:21","16.5","2.3","51.0","2.3","13.1"
"20/01/2023","16:19","20/01/2023","16:38","Riverend Rd 65,3175 Melbourne,Australia","-38.05025444444444,145.14907722222222","Pebble Ave 19,3975 Melbourne,Australia","-38.07718,145.25535638888888","00:19","13.7","1.5","48.0","1.5","11.7"
"20/01/2023","15:54","20/01/2023","16:15","Pebble Ave 21,3975 Melbourne,Australia","-38.07720638888889,145.25539333333333","Riverend Rd 65,3175 Melbourne,Australia","-38.05025833333333,145.14906638888888","00:21","16.4","3.5","49.0","3.5","9.5"
"19/01/2023","18:22","19/01/2023","18:30","Brookwater Pde 19,3975 Melbourne,Australia","-38.07767138888889,145.24919083333333","Pebble Ave 21,3975 Melbourne,Australia","-38.07720722222222,145.2553986111111","00:08","3.5","0.0","27.0","0.0","3.5"
"18/01/2023","15:28","18/01/2023","15:45","Riverend Rd 65,3175 Melbourne,Australia","-38.050289722222224,145.1490875","Pebble Ave 21,3975 Melbourne,Australia","-38.077215833333334,145.2553577777778","00:17","13.7","1.6","52.0","1.6","11.8"
"18/01/2023","15:05","18/01/2023","15:24","Pebble Ave 21,3975 Melbourne,Australia","-38.077222222222225,145.25544555555555","Riverend Rd 65,3175 Melbourne,Australia","-38.050287222222224,145.14909083333333","00:19","14.4","3.7","48.0","3.7","8.6"
"18/01/2023","08:25","18/01/2023","08:40","Riverend Rd 65,3175 Melbourne,Australia","-38.0503325,145.1490922222222","Pebble Ave 21,3975 Melbourne,Australia","-38.07718527777778,145.25536222222223","00:15","13.7","2.9","56.0","2.9","9.9"
"18/01/2023","07:56","18/01/2023","08:22","Pebble Ave 19,3975 Melbourne,Australia","-38.07718,145.25544888888888","Riverend Rd 65,3175 Melbourne,Australia","-38.050265,145.1490775","00:26","16.5","1.8","36.0","1.8","13.8"
"17/01/2023","19:06","17/01/2023","19:17","Boundary Rd 2,3201 Melbourne,Australia","-38.085924722222224,145.18140527777777","Pebble Ave 19,3975 Melbourne,Australia","-38.077175277777776,145.25534694444445","00:11","8.5","3.0","48.0","3.0","6.6"
"17/01/2023","18:30","17/01/2023","18:40","Pebble Ave 19,3975 Melbourne,Australia","-38.07716694444444,145.2554152777778","Boundary Rd 2,3201 Melbourne,Australia","-38.085900555555554,145.1814075","00:10","7.6","3.9","51.0","3.9","4.6"
"17/01/2023","15:13","17/01/2023","15:33","Riverend Rd 65,3175 Melbourne,Australia","-38.05026083333333,145.14910194444445","Pebble Ave 21,3975 Melbourne,Australia","-38.07721333333333,145.25535333333335","00:20","13.7","1.7","44.0","1.7","11.6"
"17/01/2023","14:51","17/01/2023","15:08","Pebble Ave 22,3975 Melbourne,Australia","-38.077325,145.25555583333335","Riverend Rd 65,3175 Melbourne,Australia","-38.05026,145.14909055555555","00:17","14.4","2.8","55.0","2.8","9.7"
"17/01/2023","08:09","17/01/2023","08:25","Riverend Rd 65,3175 Melbourne,Australia","-38.050269444444446,145.149065","Pebble Ave 21,3975 Melbourne,Australia","-38.077205,145.2553675","00:16","13.6","3.8","53.0","3.8","8.8"
"17/01/2023","07:44","17/01/2023","08:06","Pebble Ave 19,3975 Melbourne,Australia","-38.07716944444444,145.25540694444445","Riverend Rd 65,3175 Melbourne,Australia","-38.05026111111111,145.14906805555555","00:22","16.5","1.8","49.0","1.8","13.6"
"15/01/2023","16:16","15/01/2023","16:26","Sladen St 153,3977 Melbourne,Australia","-38.11238,145.28197","Pebble Ave 21,3975 Melbourne,Australia","-38.077198333333335,145.25534555555555","00:10","6.1","8.6","41.0","8.6","1.6"
"15/01/2023","15:32","15/01/2023","16:16","Pier Rd 27,3984 Grantville,Australia","-38.40647638888889,145.5277313888889","Sladen St 153,3977 Melbourne,Australia","-38.11238,145.28197","00:44","50.7","8.8","74.0","8.8","1.7"
"15/01/2023","15:09","15/01/2023","15:16","Queensferry Jetty Rd 146,3984 Queensferry,Australia","-38.41698972222222,145.50102555555554","Pier Rd 27,3984 Grantville,Australia","-38.406484444444445,145.52772416666667","00:07","5.1","10.2","50.0","10.2","0.9"
"15/01/2023","14:30","15/01/2023","15:08","South Gippsland Hwy 4440,3984 Caldermeade,Australia","-38.240815,145.53066388888888","Queensferry Jetty Rd 146,3984 Queensferry,Australia","-38.41698944444445,145.50102361111112","00:38","38.6","8.9","66.0","8.9","5.3"
"15/01/2023","13:50","15/01/2023","14:26","Pebble Ave 19,3975 Melbourne,Australia","-38.07713916666667,145.2553863888889","South Gippsland Hwy 4440,3984 Caldermeade,Australia","-38.240811666666666,145.5306725","00:36","35.6","1.7","63.0","1.7","30.8"
"14/01/2023","17:35","14/01/2023","18:03","Pebble Ave 21,3975 Melbourne,Australia","-38.077334444444446,145.25531777777778","Pebble Ave 19,3975 Melbourne,Australia","-38.07719111111111,145.2553836111111","00:28","19.2","2.7","43.0","2.7","14.2"
"13/01/2023","15:15","13/01/2023","15:32","Riverend Rd 65,3175 Melbourne,Australia","-38.050267777777776,145.1491025","Pebble Ave 19,3975 Melbourne,Australia","-38.07718916666666,145.25538694444444","00:17","13.7","1.5","49.0","1.5","11.4"
"13/01/2023","14:47","13/01/2023","15:08","Pebble Ave 19,3975 Melbourne,Australia","-38.077196111111114,145.25543083333332","Riverend Rd 65,3175 Melbourne,Australia","-38.050264722222224,145.1491125","00:21","14.4","4.3","44.0","4.3","7.2"
"13/01/2023","08:12","13/01/2023","08:26","Riverend Rd 65,3175 Melbourne,Australia","-38.05031777777778,145.14908583333334","Pebble Ave 21,3975 Melbourne,Australia","-38.077196944444445,145.255355","00:14","13.7","5.1","60.0","5.1","7.2"
"13/01/2023","07:49","13/01/2023","08:08","Pebble Ave 19,3975 Melbourne,Australia","-38.07715611111111,145.25535861111112","Riverend Rd 65,3175 Melbourne,Australia","-38.0502625,145.14907944444445","00:19","14.4","2.9","49.0","2.9","10.0"
"12/01/2023","08:24","12/01/2023","08:39","Riverend Rd 65,3175 Melbourne,Australia","-38.050270833333336,145.14899694444443","Pebble Ave 19,3975 Melbourne,Australia","-38.07718833333333,145.25537027777779","00:15","13.7","4.2","61.0","4.2","8.0"
"12/01/2023","08:00","12/01/2023","08:22","Pebble Ave 19,3975 Melbourne,Australia","-38.07716777777778,145.25546972222222","Riverend Rd 65,3175 Melbourne,Australia","-38.05027138888889,145.14899527777777","00:22","14.4","2.4","43.0","2.4","11.1"
"11/01/2023","16:44","11/01/2023","17:01","Riverend Rd 65,3175 Melbourne,Australia","-38.0502675,145.14902111111113","Pebble Ave 21,3975 Melbourne,Australia","-38.07720444444445,145.25535555555555","00:17","13.7","1.6","50.0","1.6","12.1"
"11/01/2023","16:19","11/01/2023","16:38","Pebble Ave 19,3975 Melbourne,Australia","-38.07716333333333,145.2553675","Riverend Rd 65,3175 Melbourne,Australia","-38.05027583333333,145.1490175","00:19","14.4","4.1","49.0","4.1","9.7"
"11/01/2023","08:17","11/01/2023","08:33","Riverend Rd 65,3175 Melbourne,Australia","-38.05027111111111,145.14906055555556","Pebble Ave 21,3975 Melbourne,Australia","-38.0772075,145.2553475","00:16","13.7","4.4","54.0","4.4","8.2"
"11/01/2023","07:53","11/01/2023","08:14","Whisper St 27,3975 Melbourne,Australia","-38.07723166666667,145.2550461111111","Riverend Rd 65,3175 Melbourne,Australia","-38.050266944444445,145.14906416666668","00:21","16.5","1.6","48.0","1.6","13.5"
"10/01/2023","15:25","10/01/2023","15:42","Riverend Rd 65,3175 Melbourne,Australia","-38.05028027777778,145.14909166666666","Pebble Ave 21,3975 Melbourne,Australia","-38.07719138888889,145.2553613888889","00:17","13.7","2.8","52.0","2.8","10.1"
"10/01/2023","15:01","10/01/2023","15:20","Pebble Ave 26,3975 Melbourne,Australia","-38.07754055555556,145.25575388888888","Riverend Rd 65,3175 Melbourne,Australia","-38.05027027777778,145.14909","00:19","14.4","3.3","48.0","3.3","9.4"
"10/01/2023","08:30","10/01/2023","08:46","Riverend Rd 65,3175 Melbourne,Australia","-38.050267222222224,145.14902166666667","Pebble Ave 21,3975 Melbourne,Australia","-38.07718777777778,145.25535027777778","00:16","13.6","3.8","53.0","3.8","9.0"
"10/01/2023","08:06","10/01/2023","08:26","Egan Ln 9,3975 Melbourne,Australia","-38.076862222222225,145.25572416666665","Riverend Rd 65,3175 Melbourne,Australia","-38.050269444444446,145.14902083333334","00:20","16.5","3.9","53.0","3.9","10.0"
"09/01/2023","15:25","09/01/2023","15:40","Riverend Rd 65,3175 Melbourne,Australia","-38.05026222222222,145.14910277777778","Pebble Ave 19,3975 Melbourne,Australia","-38.07719361111111,145.25537583333335","00:15","13.7","3.1","59.0","3.1","10.0"
"09/01/2023","15:02","09/01/2023","15:25","Pebble Ave 21,3975 Melbourne,Australia","-38.07725416666667,145.25546305555557","Riverend Rd 65,3175 Melbourne,Australia","-38.050261666666664,145.1491025","00:23","14.4","4.1","41.0","4.1","9.3"
"08/01/2023","17:18","08/01/2023","17:22","Brookwater Pde 19,3975 Melbourne,Australia","-38.077735,145.249215","Pebble Ave 21,3975 Melbourne,Australia","-38.07718777777778,145.25536277777778","00:04","1.0","0.0","19.0","0.0","1.0"
"08/01/2023","12:25","08/01/2023","12:39","Berwick-Cranbourne Rd 680,3978 Melbourne,Australia","-38.09222277777778,145.33292333333333","Pebble Ave 21,3975 Melbourne,Australia","-38.07720611111111,145.25534666666667","00:14","8.3","4.7","41.0","4.7","5.6"
"08/01/2023","12:06","08/01/2023","12:16","Thompsons Rd 1260,3977 Melbourne,Australia","-38.08369555555556,145.2781911111111","Berwick-Cranbourne Rd 680,3978 Melbourne,Australia","-38.0922075,145.3329125","00:10","5.3","4.9","36.0","4.9","3.8"
"08/01/2023","11:51","08/01/2023","11:58","Pebble Ave 21,3975 Melbourne,Australia","-38.077176944444446,145.25548027777776","Thompsons Rd 1260,3977 Melbourne,Australia","-38.08369111111111,145.27822138888888","00:07","3.0","6.7","29.0","6.7","1.8"
"06/01/2023","18:24","06/01/2023","18:49","Pebble Ave 15,3975 Melbourne,Australia","-38.07685277777778,145.25544583333334","Pebble Ave 21,3975 Melbourne,Australia","-38.0772,145.25538055555555","00:25","22.1","5.4","55.0","5.4","11.8"
"05/01/2023","17:52","05/01/2023","18:23","Pebble Ave 19,3975 Melbourne,Australia","-38.07717666666667,145.25540138888888","Pebble Ave 23,3975 Melbourne,Australia","-38.07743222222222,145.2553511111111","00:31","31.7","4.0","63.0","4.0","19.5"
"03/01/2023","19:45","03/01/2023","20:04","Thompsons Rd 1270,3977 Melbourne,Australia","-38.08347555555556,145.28041027777778","Pebble Ave 19,3975 Melbourne,Australia","-38.07718277777778,145.2554152777778","00:19","15.1","2.0","51.0","2.0","13.0"
"03/01/2023","19:26","03/01/2023","19:33","Brookwater Pde 19,3975 Melbourne,Australia","-38.077655,145.24915305555555","Thompsons Rd 1270,3977 Melbourne,Australia","-38.08347,145.28041277777777","00:07","3.6","5.9","33.0","5.9","2.1"
"15/12/2022","18:33","15/12/2022","19:05","Brian Ct 16,3930 Melbourne,Australia","-38.19701277777778,145.09698555555556","Society Ave 2,3975 Melbourne,Australia","-38.07690111111111,145.25056","00:32","24.6","3.0","51.0","3.0","17.0"
"15/12/2022","17:56","15/12/2022","18:29","Pebble Ave 21,3975 Melbourne,Australia","-38.07720194444445,145.25537916666667","Brian Ct 16,3930 Melbourne,Australia","-38.19702222222222,145.09697805555555","00:33","27.6","4.6","54.0","4.6","17.9"
"15/12/2022","17:36","15/12/2022","17:41","Thompsons Rd 1125T,3975 Melbourne,Australia","-38.0802325,145.2636288888889","Pebble Ave 21,3975 Melbourne,Australia","-38.07720555555556,145.25538083333333","00:05","1.3","5.8","21.0","5.8","1.0"
"15/12/2022","14:40","15/12/2022","14:43","Pebble Ave 19,3975 Melbourne,Australia","-38.077130833333335,145.25550611111112","Thompsons Rd 1125T,3975 Melbourne,Australia","-38.08022583333333,145.26363194444446","00:03","1.3","7.0","34.0","7.0","0.6"
"14/12/2022","17:11","14/12/2022","17:14","Thompsons Rd 1125A,3975 Melbourne,Australia","-38.078225277777776,145.2625811111111","Pebble Ave 19,3975 Melbourne,Australia","-38.07718194444445,145.2553738888889","00:03","1.2","0.0","24.0","0.0","1.2"
"14/12/2022","05:58","14/12/2022","06:01","Pebble Ave 21,3975 Melbourne,Australia","-38.07725138888889,145.2553163888889","Endeavour Dr 81,3977 Melbourne,Australia","-38.078203888888886,145.26263277777778","00:03","1.2","0.0","23.0","0.0","1.2"
"13/12/2022","19:34","13/12/2022","19:43","Cranbourne Dr 67,3977 Melbourne,Australia","-38.108945,145.2825811111111","Pebble Ave 21,3975 Melbourne,Australia","-38.077199444444446,145.25536","00:09","6.4","4.6","41.0","4.6","4.2"
"13/12/2022","19:13","13/12/2022","19:21","Aleppo Pl 2,3977 Melbourne,Australia","-38.085051944444444,145.29141083333334","Cranbourne Dr 67,3977 Melbourne,Australia","-38.108938888888886,145.28257583333334","00:08","4.5","7.0","36.0","7.0","2.6"
"13/12/2022","18:59","13/12/2022","19:06","Pebble Ave 20,3975 Melbourne,Australia","-38.077195,145.25555694444444","Aleppo Pl 2,3977 Melbourne,Australia","-38.085076944444445,145.29137222222224","00:07","3.9","6.6","35.0","6.6","2.2"
"11/12/2022","15:09","11/12/2022","15:40","Pebble Ave 19,3975 Melbourne,Australia","-38.077086666666666,145.2553388888889","Brookwater Pde 19,3975 Melbourne,Australia","-38.077709722222224,145.24914777777778","00:31","28.5","5.2","58.0","5.2","15.5"
"09/12/2022","19:33","09/12/2022","19:49","Boundary Rd 2,3201 Melbourne,Australia","-38.085882222222224,145.18133555555556","Pebble Ave 19,3975 Melbourne,Australia","-38.07718111111111,145.25535555555555","00:16","11.2","5.1","44.0","5.1","7.1"
"09/12/2022","19:20","09/12/2022","19:27","Boundary Rd 2,3201 Melbourne,Australia","-38.085882222222224,145.18127583333333","Boundary Rd 2,3201 Melbourne,Australia","-38.08587694444444,145.18133944444443","00:07","4.6","0.6","43.0","0.6","4.5"
"09/12/2022","19:05","09/12/2022","19:15","Pebble Ave 19,3975 Melbourne,Australia","-38.07712194444444,145.25548916666668","Boundary Rd 2,3201 Melbourne,Australia","-38.08586416666667,145.18128583333333","00:10","7.6","6.6","47.0","6.6","4.4"
"08/12/2022","17:52","08/12/2022","17:59","Brookwater Pde 19,3975 Melbourne,Australia","-38.07762722222222,145.2491611111111","Pebble Ave 19,3975 Melbourne,Australia","-38.07716861111111,145.2553597222222","00:07","3.4","2.6","31.0","2.6","3.1"
"04/12/2022","17:31","04/12/2022","17:54","Ryehill Dr 10,3978 Melbourne,Australia","-38.11881,145.33633083333334","Pebble Ave 21,3975 Melbourne,Australia","-38.07719916666667,145.255365","00:23","10.9","3.6","32.0","3.6","8.0"
"04/12/2022","17:01","04/12/2022","17:17","Pebble Ave 19,3975 Melbourne,Australia","-38.0771875,145.25538916666667","Ryehill Dr 10,3978 Melbourne,Australia","-38.118830555555554,145.33631888888888","00:16","10.9","3.0","44.0","3.0","8.8"
"03/12/2022","19:34","03/12/2022","19:43","South Gippsland Hwy 350-398,3977 Melbourne,Australia","-38.08661194444444,145.2794763888889","Thompsons Rd 1000,3977 Melbourne,Australia","-38.078109166666664,145.2499463888889","00:09","3.2","5.7","23.0","5.7","1.9"
"03/12/2022","19:25","03/12/2022","19:31","Pebble Ave 19,3975 Melbourne,Australia","-38.07715638888889,145.25540972222223","South Gippsland Hwy 350-398,3977 Melbourne,Australia","-38.08661027777778,145.27948416666666","00:06","3.2","5.3","38.0","5.3","1.9"
"03/12/2022","10:47","03/12/2022","10:54","Thompsons Rd 1250,3977 Melbourne,Australia","-38.08395361111111,145.27812722222222","Pebble Ave 21,3975 Melbourne,Australia","-38.07719861111111,145.25540666666666","00:07","2.9","3.5","27.0","3.5","1.7"
"03/12/2022","10:22","03/12/2022","10:29","Pebble Ave 21,3975 Melbourne,Australia","-38.077198055555556,145.25537305555557","Lesdon Ave 2,3977 Melbourne,Australia","-38.087292777777776,145.27944194444444","00:07","3.2","3.7","33.0","3.7","2.4"
"03/12/2022","09:10","03/12/2022","09:27","Marriott Blvd 27,3975 Melbourne,Australia","-38.0771125,145.25106916666667","Pebble Ave 21,3975 Melbourne,Australia","-38.07720638888889,145.25534222222223","00:17","13.3","3.7","49.0","3.7","8.9"
"02/12/2022","16:48","02/12/2022","16:54","Thompsons Rd 1050,3977 Melbourne,Australia","-38.08016972222222,145.25650277777777","Pebble Ave 21,3975 Melbourne,Australia","-38.07720305555556,145.2553661111111","00:06","2.7","0.6","27.0","0.6","2.6"
"02/12/2022","16:39","02/12/2022","16:44","Pepperbush Cirt 38,3977 Melbourne,Australia","-38.087181111111114,145.27960944444445","Thompsons Rd 1050,3977 Melbourne,Australia","-38.08017805555556,145.25650583333334","00:05","2.4","8.8","31.0","8.8","0.8"
"02/12/2022","16:24","02/12/2022","16:34","Pebble Ave 19,3975 Melbourne,Australia","-38.07714555555555,145.25527861111112","Lesdon Ave 2,3977 Melbourne,Australia","-38.08721388888889,145.2795947222222","00:10","3.3","7.0","22.0","7.0","2.2"
"29/11/2022","13:33","29/11/2022","14:31","Arrival Dr 50,3045 Melbourne,Australia","-37.6706075,144.8503161111111","Pebble Ave 21,3975 Melbourne,Australia","-38.077214444444444,145.2553888888889","00:58","69.7","7.4","76.0","7.4","6.1"
"29/11/2022","11:18","29/11/2022","12:17","Pebble Ave 21,3975 Melbourne,Australia","-38.07720888888889,145.25538916666667","Arrival Dr 51,3045 Melbourne,Australia","-37.670228333333334,144.8499625","00:59","70.7","3.6","76.0","3.6","41.5"
"28/11/2022","19:02","28/11/2022","19:06","Brookwater Pde 19,3975 Melbourne,Australia","-38.0777175,145.24923944444444","Pebble Ave 21,3975 Melbourne,Australia","-38.07720138888889,145.25537888888888","00:04","1.0","0.0","17.0","0.0","1.0"
"27/11/2022","17:14","27/11/2022","17:25","Thompsons Rd 1000,3977 Melbourne,Australia","-38.07814833333333,145.24997833333333","Pebble Ave 21,3975 Melbourne,Australia","-38.077199722222225,145.25540083333334","00:11","6.0","2.5","39.0","2.5","5.1"
"26/11/2022","17:58","26/11/2022","18:14","Sandarra Blvd 43,3977 Melbourne,Australia","-38.08368055555555,145.19597444444443","Pebble Ave 21,3975 Melbourne,Australia","-38.07718972222222,145.25534083333332","00:16","9.6","3.2","39.0","3.2","7.7"
"26/11/2022","17:39","26/11/2022","17:48","Brookwater Pde 19,3975 Melbourne,Australia","-38.07774388888889,145.2491188888889","Sandarra Blvd 43,3977 Melbourne,Australia","-38.08367111111111,145.1960013888889","00:09","5.9","2.6","41.0","2.6","5.0"
"25/11/2022","20:26","25/11/2022","20:43","Overton Rd 20,3199 Melbourne,Australia","-38.12907916666666,145.1276761111111","Pebble Ave 19,3975 Melbourne,Australia","-38.0771925,145.2554175","00:17","14.6","3.6","55.0","3.6","9.8"
"25/11/2022","19:59","25/11/2022","20:23","Pebble Ave 21,3975 Melbourne,Australia","-38.07718555555556,145.25536416666668","Overton Rd 20,3199 Melbourne,Australia","-38.1290825,145.12767861111112","00:24","18.8","2.3","50.0","2.3","14.3"
"24/11/2022","19:02","24/11/2022","19:14","Wedge Rd 33,3201 Melbourne,Australia","-38.08607583333333,145.18661916666667","Pebble Ave 21,3975 Melbourne,Australia","-38.07719916666667,145.25538444444445","00:12","7.8","2.4","42.0","2.4","6.1"
"24/11/2022","17:32","24/11/2022","17:43","Pebble Ave 19,3975 Melbourne,Australia","-38.07717638888889,145.25540833333332","Wedge Rd 33,3201 Melbourne,Australia","-38.086063055555556,145.18661","00:11","7.8","5.1","44.0","5.1","3.1"
"24/11/2022","15:37","24/11/2022","15:58","Riverend Rd 65,3175 Melbourne,Australia","-38.050247222222225,145.14863083333333","Pebble Ave 19,3975 Melbourne,Australia","-38.07717916666667,145.25540527777778","00:21","13.8","2.2","43.0","2.2","11.0"
"24/11/2022","14:41","24/11/2022","15:02","Pebble Ave 20,3975 Melbourne,Australia","-38.077193333333334,145.25552861111112","Riverend Rd 65,3175 Melbourne,Australia","-38.050219444444444,145.14863555555556","00:21","14.3","3.4","43.0","3.4","9.0"
"24/11/2022","08:19","24/11/2022","08:36","Riverend Rd 65,3175 Melbourne,Australia","-38.0503325,145.14903333333334","Pebble Ave 19,3975 Melbourne,Australia","-38.077194722222224,145.2554188888889","00:17","13.7","5.2","49.0","5.2","7.2"
"24/11/2022","07:48","24/11/2022","08:12","Pebble Ave 21,3975 Melbourne,Australia","-38.077177222222225,145.255515","Riverend Rd 65,3175 Melbourne,Australia","-38.050285833333334,145.14903055555556","00:24","16.5","1.1","42.0","1.1","15.1"
"21/11/2022","19:12","21/11/2022","19:37","Centre Rd 1473,3168 Melbourne,Australia","-37.92970416666667,145.12910638888889","Pebble Ave 21,3975 Melbourne,Australia","-38.07719888888889,145.2553613888889","00:25","24.2","4.3","62.0","4.3","13.4"
"21/11/2022","17:42","21/11/2022","18:10","Pebble Ave 21,3975 Melbourne,Australia","-38.07717888888889,145.25545555555556","Centre Rd 1473,3168 Melbourne,Australia","-37.92969222222222,145.12912416666666","00:28","24.6","3.3","56.0","3.3","16.7"
"20/11/2022","09:37","20/11/2022","11:31","Pebble Ave 19,3975 Melbourne,Australia","-38.07716638888889,145.2554188888889","Pebble Ave 19,3975 Melbourne,Australia","-38.0771725,145.2553386111111","01:54","140.4","5.6","79.0","5.6","40.2"
"19/11/2022","14:30","19/11/2022","14:54","Overland Dr 63,3805 Melbourne,Australia","-38.02090027777778,145.30521166666668","Thompsons Rd 1000,3977 Melbourne,Australia","-38.07818861111111,145.25007","00:24","13.2","3.0","36.0","3.0","10.4"
"19/11/2022","12:53","19/11/2022","13:11","Pebble Ave 21,3975 Melbourne,Australia","-38.07720694444444,145.2554111111111","Overland Dr 63,3805 Melbourne,Australia","-38.020870555555554,145.30514083333333","00:18","11.0","3.6","39.0","3.6","7.5"
"17/11/2022","15:31","17/11/2022","15:54","Riverend Rd 65,3175 Melbourne,Australia","-38.05025111111111,145.14862472222222","Pebble Ave 21,3975 Melbourne,Australia","-38.077198333333335,145.25537472222223","00:23","13.8","3.6","39.0","3.6","9.6"
"17/11/2022","14:43","17/11/2022","15:13","Pebble Ave 19,3975 Melbourne,Australia","-38.0771825,145.2554372222222","Riverend Rd 65,3175 Melbourne,Australia","-38.050245277777776,145.14861916666666","00:30","14.4","5.0","31.0","5.0","7.7"
"17/11/2022","08:20","17/11/2022","08:37","Riverend Rd 65,3175 Melbourne,Australia","-38.050289166666666,145.1490925","Pebble Ave 21,3975 Melbourne,Australia","-38.07720388888889,145.25540972222223","00:17","13.6","5.0","50.0","5.0","9.1"
"17/11/2022","07:53","17/11/2022","08:17","Pebble Ave 19,3975 Melbourne,Australia","-38.077084444444445,145.2554538888889","Riverend Rd 65,3175 Melbourne,Australia","-38.05027138888889,145.14909805555556","00:24","18.2","2.3","49.0","2.3","15.0"
"15/11/2022","19:08","15/11/2022","19:22","Myhaven Cirt 42,3201 Melbourne,Australia","-38.08886527777778,145.18338916666667","Pebble Ave 21,3975 Melbourne,Australia","-38.077195277777776,145.25535083333332","00:14","8.4","5.3","38.0","5.3","5.2"
"15/11/2022","17:43","15/11/2022","18:05","Pebble Ave 21,3975 Melbourne,Australia","-38.07720583333333,145.25537416666666","Herbert Rd 50,3201 Melbourne,Australia","-38.088865,145.18414777777778","00:22","9.6","1.6","28.0","1.6","7.8"
"14/11/2022","15:31","14/11/2022","15:50","Riverend Rd 65,3175 Melbourne,Australia","-38.05023027777778,145.1484513888889","Pebble Ave 19,3975 Melbourne,Australia","-38.077173333333334,145.25538305555557","00:19","13.8","4.4","47.0","4.4","9.0"
"14/11/2022","14:41","14/11/2022","14:59","Pebble Ave 19,3975 Melbourne,Australia","-38.077173611111114,145.25542166666668","Riverend Rd 65,3175 Melbourne,Australia","-38.050243333333334,145.14844638888889","00:18","14.3","3.7","52.0","3.7","7.8"
"14/11/2022","08:26","14/11/2022","08:42","Riverend Rd 65,3175 Melbourne,Australia","-38.05029805555556,145.14884555555557","Pebble Ave 21,3975 Melbourne,Australia","-38.07719861111111,145.25538277777778","00:16","13.8","3.6","55.0","3.6","8.9"
"14/11/2022","07:49","14/11/2022","08:12","Pebble Ave 19,3975 Melbourne,Australia","-38.07714555555555,145.25546166666666","Riverend Rd 65,3175 Melbourne,Australia","-38.0502625,145.14884777777777","00:23","16.4","2.5","45.0","2.5","12.2"
"13/11/2022","16:42","13/11/2022","16:52","Sladen St 153,3977 Melbourne,Australia","-38.11239055555556,145.28203472222222","Pebble Ave 21,3975 Melbourne,Australia","-38.077197222222225,145.2553561111111","00:10","6.2","2.1","41.0","2.1","4.8"
"13/11/2022","16:23","13/11/2022","16:42","Whisper St 27,3975 Melbourne,Australia","-38.07722861111111,145.25515638888888","Sladen St 155,3977 Melbourne,Australia","-38.11239305555556,145.2820513888889","00:19","7.4","3.4","27.0","3.4","5.5"
"12/11/2022","16:44","12/11/2022","16:56","Clifton Grv 97,3201 Melbourne,Australia","-38.085791111111114,145.1781452777778","Pebble Ave 19,3975 Melbourne,Australia","-38.077194444444444,145.255365","00:12","8.1","4.2","43.0","4.2","4.8"
"12/11/2022","16:28","12/11/2022","16:39","Pebble Ave 19,3975 Melbourne,Australia","-38.07711944444444,145.25530722222223","Clifton Grv 97,3201 Melbourne,Australia","-38.08573027777778,145.1781863888889","00:11","7.9","2.7","48.0","2.7","5.6"
"12/11/2022","11:50","12/11/2022","12:02","Charisma Cirt 30S,3977 Melbourne,Australia","-38.13018,145.22843194444445","Pebble Ave 21,3975 Melbourne,Australia","-38.07721138888889,145.25536027777778","00:12","7.6","3.3","39.0","3.3","5.3"
"12/11/2022","11:08","12/11/2022","11:21","Pebble Ave 21,3975 Melbourne,Australia","-38.077196666666666,145.25546277777778","Charisma Cirt 30S,3977 Melbourne,Australia","-38.13019444444444,145.22846583333333","00:13","8.4","3.7","43.0","3.7","5.8"
"11/11/2022","19:07","11/11/2022","19:47","Pebble Ave 20,3975 Melbourne,Australia","-38.077151388888886,145.25564222222224","Pebble Ave 21,3975 Melbourne,Australia","-38.077195277777776,145.25535638888888","00:40","33.8","3.1","55.0","3.1","25.1"
"11/11/2022","07:51","11/11/2022","08:14","Pebble Ave 19,3975 Melbourne,Australia","-38.077150833333334,145.25536027777778","Riverend Rd 65,3175 Melbourne,Australia","-38.0502825,145.14884333333333","00:23","16.4","1.5","45.0","1.5","14.6"
"09/11/2022","20:11","09/11/2022","20:30","Pebble Ave 21,3975 Melbourne,Australia","-38.077265,145.25524777777778","Brookwater Pde 19,3975 Melbourne,Australia","-38.07774861111111,145.24923583333333","00:19","13.0","2.3","43.0","2.3","10.4"
"07/11/2022","17:21","07/11/2022","17:29","Endeavour Dr 64I,3977 Melbourne,Australia","-38.07814388888889,145.2624025","Pebble Ave 21,3975 Melbourne,Australia","-38.077193333333334,145.2553388888889","00:08","1.9","5.2","17.0","5.2","1.2"
"07/11/2022","05:50","07/11/2022","05:54","Pebble Ave 21,3975 Melbourne,Australia","-38.07720388888889,145.25535833333333","Endeavour Dr 64I,3977 Melbourne,Australia","-38.078071666666666,145.26245416666666","00:04","1.2","8.5","21.0","8.5","0.6"
"06/11/2022","16:41","06/11/2022","17:23","Pebble Ave 21,3975 Melbourne,Australia","-38.077198333333335,145.25545527777777","Pebble Ave 21,3975 Melbourne,Australia","-38.077200833333336,145.2553597222222","00:42","16.3","3.5","26.0","3.5","12.5"
"05/11/2022","10:23","05/11/2022","10:46","Frankston-Flinders Rd 231,3199 Melbourne,Australia","-38.17499194444444,145.13959583333335","Pebble Ave 21,3975 Melbourne,Australia","-38.077216388888885,145.25539416666666","00:23","21.3","3.6","59.0","3.6","14.6"
"05/11/2022","09:34","05/11/2022","09:57","Pebble Ave 19,3975 Melbourne,Australia","-38.07716388888889,145.25545277777778","Frankston-Flinders Rd 231,3199 Melbourne,Australia","-38.17500944444444,145.1395861111111","00:23","20.9","2.8","56.0","2.8","16.1"
"04/11/2022","15:30","04/11/2022","15:52","Riverend Rd 65,3175 Melbourne,Australia","-38.05022972222222,145.14875194444446","Pebble Ave 21,3975 Melbourne,Australia","-38.0771975,145.25535944444445","00:22","13.7","2.1","36.0","2.1","11.8"
"04/11/2022","14:41","04/11/2022","15:05","Pebble Ave 19,3975 Melbourne,Australia","-38.07718833333333,145.2554213888889","Riverend Rd 65,3175 Melbourne,Australia","-38.050243055555555,145.14873194444445","00:24","14.4","2.4","41.0","2.4","11.0"
"04/11/2022","08:26","04/11/2022","08:43","Riverend Rd 65,3175 Melbourne,Australia","-38.05026111111111,145.14883944444443","Pebble Ave 21,3975 Melbourne,Australia","-38.07734138888889,145.25526472222222","00:17","13.7","5.1","52.0","5.1","7.8"
"04/11/2022","07:49","04/11/2022","08:19","Pebble Ave 21,3975 Melbourne,Australia","-38.07722944444444,145.2554497222222","Riverend Rd 65,3175 Melbourne,Australia","-38.0502575,145.1488422222222","00:30","14.4","4.1","32.0","4.1","7.5"
"03/11/2022","15:30","03/11/2022","16:11","Riverend Rd 65,3175 Melbourne,Australia","-38.05025111111111,145.1484638888889","Pebble Ave 21,3975 Melbourne,Australia","-38.077196111111114,145.2553922222222","00:41","16.3","3.6","27.0","3.6","11.6"
"03/11/2022","14:44","03/11/2022","15:15","Pebble Ave 19,3975 Melbourne,Australia","-38.07718416666667,145.25541083333334","Riverend Rd 65,3175 Melbourne,Australia","-38.050244722222224,145.14844","00:31","14.3","4.3","31.0","4.3","9.4"
"03/11/2022","08:27","03/11/2022","08:44","Riverend Rd 65,3175 Melbourne,Australia","-38.05029638888889,145.14900916666667","Pebble Ave 21,3975 Melbourne,Australia","-38.07720722222222,145.25538972222222","00:17","13.6","4.6","51.0","4.6","7.9"
"03/11/2022","07:44","03/11/2022","08:14","Pebble Ave 20,3975 Melbourne,Australia","-38.07716861111111,145.2557363888889","Riverend Rd 65,3175 Melbourne,Australia","-38.050286666666665,145.14901972222222","00:30","21.0","2.8","44.0","2.8","16.4"
"02/11/2022","17:10","02/11/2022","17:16","Thompsons Rd 1125A,3975 Melbourne,Australia","-38.078470833333334,145.26236416666666","Brookwater Pde 19,3975 Melbourne,Australia","-38.07777388888889,145.2494252777778","00:06","1.8","7.7","20.0","7.7","0.9"
"02/11/2022","05:53","02/11/2022","05:56","Pebble Ave 21,3975 Melbourne,Australia","-38.077200833333336,145.25537888888888","Thompsons Rd 1125A,3975 Melbourne,Australia","-38.078475555555556,145.262375","00:03","1.2","0.0","22.0","0.0","1.2"
"01/11/2022","12:01","01/11/2022","13:01","Lacey Vw 35,3929 Flinders,Australia","-38.482196944444446,145.02526777777777","Pebble Ave 21,3975 Melbourne,Australia","-38.07720805555556,145.25537111111112","01:00","61.3","9.3","66.0","9.3","10.0"
"01/11/2022","11:45","01/11/2022","11:49","Cook St 33,3929 Flinders,Australia","-38.47447888888889,145.01850305555556","Lacey Vw 35,3929 Flinders,Australia","-38.48241138888889,145.02519805555556","00:04","1.4","15.0","19.0","15.0","0.6"
"01/11/2022","11:04","01/11/2022","11:08","Cook St 33,3929 Flinders,Australia","-38.47448277777778,145.01850916666666","The Esplanade 751,3929 Flinders,Australia","-38.47629305555556,145.0248375","00:04","1.0","4.4","19.0","4.4","0.6"
"01/11/2022","10:09","01/11/2022","11:03","Pebble Ave 19,3975 Melbourne,Australia","-38.077194166666665,145.2554125","Cook St 33,3929 Flinders,Australia","-38.474493611111114,145.01852083333333","00:54","66.2","4.8","77.0","4.8","36.6"
"29/10/2022","12:55","29/10/2022","14:05","Gorman Dr 12,3082 Melbourne,Australia","-37.65244277777778,145.0772822222222","Pebble Ave 21,3975 Melbourne,Australia","-38.077215277777775,145.2553763888889","01:10","63.9","8.7","58.0","8.7","11.6"
"29/10/2022","09:56","29/10/2022","11:05","Pebble Ave 21,3975 Melbourne,Australia","-38.07720694444444,145.25547777777777","Gorman Dr 12,3082 Melbourne,Australia","-37.65245888888889,145.07723333333334","01:09","63.8","5.1","59.0","5.1","34.8"
"28/10/2022","08:56","28/10/2022","09:12","Riverend Rd 65,3175 Melbourne,Australia","-38.05025055555556,145.14876972222223","Pebble Ave 19,3975 Melbourne,Australia","-38.077192777777775,145.25539972222222","00:16","13.8","5.4","54.0","5.4","6.8"
"28/10/2022","08:06","28/10/2022","08:28","Pebble Ave 19,3975 Melbourne,Australia","-38.07718194444445,145.25534027777778","Riverend Rd 65,3175 Melbourne,Australia","-38.050255,145.14876305555555","00:22","16.4","3.8","47.0","3.8","9.6"
"27/10/2022","17:56","27/10/2022","18:15","Station St 353,3196 Melbourne,Australia","-38.05475111111111,145.11757805555555","Pebble Ave 19,3975 Melbourne,Australia","-38.077194722222224,145.2553838888889","00:19","14.6","4.5","50.0","4.5","9.7"
"27/10/2022","07:15","27/10/2022","07:24","Riverend Rd 65,3175 Melbourne,Australia","-38.05031777777778,145.14907583333334","Station St 353,3196 Melbourne,Australia","-38.054743888888886,145.11765","00:09","4.4","0.0","33.0","0.0","4.4"
"27/10/2022","06:47","27/10/2022","07:11","Pebble Ave 21,3975 Melbourne,Australia","-38.07723,145.25527888888888","Riverend Rd 65,3175 Melbourne,Australia","-38.05028611111111,145.14907694444443","00:24","16.5","0.7","43.0","0.7","15.1"
"26/10/2022","17:20","26/10/2022","17:41","Riverend Rd 65,3175 Melbourne,Australia","-38.05026055555555,145.14885833333332","Pebble Ave 19,3975 Melbourne,Australia","-38.077191666666664,145.25537","00:21","13.7","3.1","44.0","3.1","9.9"
"26/10/2022","17:06","26/10/2022","17:14","Station St 353,3196 Melbourne,Australia","-38.0547425,145.11762472222222","Riverend Rd 65,3175 Melbourne,Australia","-38.05023888888889,145.1488611111111","00:08","4.6","5.6","35.0","5.6","2.3"
"26/10/2022","07:18","26/10/2022","07:26","Riverend Rd 65,3175 Melbourne,Australia","-38.050333333333334,145.14907666666667","Station St 353,3196 Melbourne,Australia","-38.054720833333334,145.1176313888889","00:08","4.4","0.0","35.0","0.0","4.4"
"26/10/2022","06:52","26/10/2022","07:15","Pebble Ave 22,3975 Melbourne,Australia","-38.07729055555556,145.25561833333333","Riverend Rd 65,3175 Melbourne,Australia","-38.05027527777778,145.1490677777778","00:23","16.5","3.4","42.0","3.4","10.1"
"24/10/2022","17:09","24/10/2022","17:14","Thompsons Rd 1125A,3975 Melbourne,Australia","-38.078517222222224,145.2623775","Pebble Ave 19,3975 Melbourne,Australia","-38.07718944444444,145.25538305555557","00:05","1.2","9.7","19.0","9.7","0.6"
"24/10/2022","05:56","24/10/2022","05:59","Pebble Ave 21,3975 Melbourne,Australia","-38.077218333333334,145.25546888888888","Thompsons Rd 1125A,3975 Melbourne,Australia","-38.07850111111111,145.2623722222222","00:03","1.1","0.0","24.0","0.0","1.1"
"23/10/2022","19:31","23/10/2022","19:34","Thompsons Rd 1000,3977 Melbourne,Australia","-38.07819138888889,145.24995555555554","Pebble Ave 21,3975 Melbourne,Australia","-38.07721138888889,145.25535944444445","00:03","1.1","8.3","23.0","8.3","0.5"
"23/10/2022","17:54","23/10/2022","18:00","Thompsons Rd 1250,3977 Melbourne,Australia","-38.083958333333335,145.27818638888888","Pebble Ave 21,3975 Melbourne,Australia","-38.07718888888889,145.25536083333333","00:06","2.9","3.8","30.0","3.8","1.6"
"23/10/2022","17:29","23/10/2022","17:33","Whisper St 27,3975 Melbourne,Australia","-38.077290833333336,145.25512416666666","Thompsons Rd 1250,3977 Melbourne,Australia","-38.083981666666666,145.2781913888889","00:04","2.9","7.1","39.0","7.1","1.7"
"22/10/2022","20:11","22/10/2022","20:49","Pebble Ave 19,3975 Melbourne,Australia","-38.07716111111111,145.25539944444444","Pebble Ave 21,3975 Melbourne,Australia","-38.07719888888889,145.25536694444443","00:38","29.9","2.2","51.0","2.2","22.7"
"22/10/2022","15:06","22/10/2022","15:26","Chifley Dr 10,3194 Melbourne,Australia","-37.977782777777776,145.10823305555556","Pebble Ave 21,3975 Melbourne,Australia","-38.0772175,145.2553675","00:20","21.8","3.2","70.0","3.2","13.7"
"22/10/2022","13:31","22/10/2022","14:00","Pebble Ave 21,3975 Melbourne,Australia","-38.077243333333335,145.25548416666666","Chifley Dr 10,3194 Melbourne,Australia","-37.977220555555554,145.10847527777779","00:29","22.5","3.3","50.0","3.3","15.6"
"21/10/2022","17:16","21/10/2022","17:23","Lesdon Ave 2,3977 Melbourne,Australia","-38.08754416666667,145.27966527777778","Pebble Ave 19,3975 Melbourne,Australia","-38.07718166666667,145.25532055555556","00:07","3.2","6.2","31.0","6.2","1.6"
"21/10/2022","16:51","21/10/2022","16:59","Pebble Ave 19,3975 Melbourne,Australia","-38.07705444444444,145.2555277777778","Lesdon Ave 2,3977 Melbourne,Australia","-38.08752194444445,145.279675","00:08","3.2","6.4","27.0","6.4","2.0"
"21/10/2022","08:13","21/10/2022","08:30","Riverend Rd 65,3175 Melbourne,Australia","-38.05027555555556,145.14911777777778","Pebble Ave 21,3975 Melbourne,Australia","-38.07721027777778,145.25539138888888","00:17","13.7","4.2","50.0","4.2","9.0"
"21/10/2022","07:46","21/10/2022","08:09","Pebble Ave 20,3975 Melbourne,Australia","-38.07720305555556,145.25553583333334","Riverend Rd 65,3175 Melbourne,Australia","-38.05027638888889,145.14911833333332","00:23","16.5","1.7","45.0","1.7","13.1"
"20/10/2022","20:17","20/10/2022","20:33","Pebble Ave 19,3975 Melbourne,Australia","-38.07718083333334,145.25536583333334","Pebble Ave 21,3975 Melbourne,Australia","-38.077196111111114,145.2553663888889","00:16","13.1","6.0","51.0","6.0","7.1"
"20/10/2022","15:31","20/10/2022","15:54","Riverend Rd 65,3175 Melbourne,Australia","-38.05029888888889,145.1484597222222","Pebble Ave 21,3975 Melbourne,Australia","-38.077218611111114,145.2553861111111","00:23","13.8","3.6","40.0","3.6","9.7"
"20/10/2022","14:47","20/10/2022","15:06","Pebble Ave 21,3975 Melbourne,Australia","-38.07721611111111,145.25528888888888","Riverend Rd 65,3175 Melbourne,Australia","-38.05022638888889,145.14843222222223","00:19","14.3","2.8","48.0","2.8","9.6"
"20/10/2022","08:17","20/10/2022","08:35","Riverend Rd 65,3175 Melbourne,Australia","-38.05027916666667,145.1490961111111","Pebble Ave 21,3975 Melbourne,Australia","-38.07720888888889,145.25539027777776","00:18","13.6","4.6","49.0","4.6","7.5"
"20/10/2022","07:48","20/10/2022","08:10","Pebble Ave 19,3975 Melbourne,Australia","-38.07707777777778,145.2554513888889","Riverend Rd 65,3175 Melbourne,Australia","-38.05028166666666,145.14909722222222","00:22","16.5","3.7","46.0","3.6","11.4"
"19/10/2022","08:20","19/10/2022","08:37","Riverend Rd 65,3175 Melbourne,Australia","-38.050266666666666,145.14886583333333","Pebble Ave 21,3975 Melbourne,Australia","-38.07720666666667,145.2553822222222","00:17","13.7","3.7","54.0","3.7","9.4"
"19/10/2022","07:55","19/10/2022","08:18","Pebble Ave 19,3975 Melbourne,Australia","-38.07716861111111,145.25535888888888","Riverend Rd 65,3175 Melbourne,Australia","-38.050268333333335,145.14886388888888","00:23","16.5","1.7","44.0","1.7","13.6"
"18/10/2022","19:01","18/10/2022","19:05","Brookwater Pde 19,3975 Melbourne,Australia","-38.07766138888889,145.24915638888888","Pebble Ave 21,3975 Melbourne,Australia","-38.0772075,145.25534194444444","00:04","1.0","0.0","17.0","0.0","1.0"
"17/10/2022","11:18","17/10/2022","11:31","Nepean Hwy 657A,3197 Melbourne,Australia","-38.077464166666665,145.12280916666666","Pebble Ave 21,3975 Melbourne,Australia","-38.07720638888889,145.25535666666667","00:13","12.4","3.8","59.0","3.8","8.4"
"17/10/2022","06:12","17/10/2022","06:32","Endeavour Dr 64I,3977 Melbourne,Australia","-38.07807777777778,145.26244444444444","Nepean Hwy 657A,3197 Melbourne,Australia","-38.07743888888889,145.12288583333333","00:20","14.8","2.5","47.0","2.5","11.4"
"17/10/2022","06:04","17/10/2022","06:06","Pebble Ave 19,3975 Melbourne,Australia","-38.07718361111111,145.25538333333333","Endeavour Dr 64I,3977 Melbourne,Australia","-38.0780375,145.262425","00:02","1.2","0.0","27.0","0.0","1.2"
"16/10/2022","19:21","16/10/2022","19:47","Pebble Ave 19,3975 Melbourne,Australia","-38.07717805555556,145.25542055555556","Pebble Ave 19,3975 Melbourne,Australia","-38.077194166666665,145.25540722222223","00:26","23.9","6.3","58.0","6.3","11.9"
"15/10/2022","18:26","15/10/2022","18:34","Pebble Ave 19,3975 Melbourne,Australia","-38.07710055555555,145.2553775","Pebble Ave 21,3975 Melbourne,Australia","-38.077196944444445,145.25538472222223","00:08","2.7","0.0","22.0","0.0","2.6"
"14/10/2022","19:09","14/10/2022","19:15","Marriott Blvd 27,3975 Melbourne,Australia","-38.077088333333336,145.2510663888889","Pebble Ave 21,3975 Melbourne,Australia","-38.07720638888889,145.2553372222222","00:06","2.8","0.0","29.0","0.0","2.8"
"14/10/2022","08:31","14/10/2022","08:53","Riverend Rd 65,3175 Melbourne,Australia","-38.0502825,145.14860916666666","Pebble Ave 21,3975 Melbourne,Australia","-38.077193333333334,145.25545777777776","00:22","17.9","4.2","49.0","4.2","10.8"
"14/10/2022","07:45","14/10/2022","08:26","Pebble Ave 20,3975 Melbourne,Australia","-38.07717944444445,145.25572472222223","Riverend Rd 65,3175 Melbourne,Australia","-38.0502675,145.14860777777778","00:41","21.0","1.6","33.0","1.6","18.3"
"13/10/2022","15:26","13/10/2022","15:48","Riverend Rd 65,3175 Melbourne,Australia","-38.050266666666666,145.14846555555556","Pebble Ave 21,3975 Melbourne,Australia","-38.077214166666664,145.25538472222223","00:22","13.8","3.1","42.0","3.1","11.0"
